row_id,client/ip,datetime,method,request,status_code,size_in_KB,referer,user_agent
0,104.194.24.33,22/Jan/2019:03:57:07 +0330,GET,/amphelperframehtmlappIda624a1c10c93466aa546e146710f97e6parentOriginhttps://wwwzanbilircdnampprojectorg,200,0.13,https://www-zanbil-ir.cdn.ampproject.org/v/s/www.zanbil.ir/m/article/594/-%D9%87%D9%86%D8%B1-%D9%85%D8%AC%D8%B3%D9%85%D9%87-%D8%B3%D8%A7%D8%B2%DB%8C?amp_js_v=a2&amp_gsa=1&usqp=mq331AQCCAE%3D,"Mozilla/5.0 (Linux; Android 8.0.0; SM-G955F) AppleWebKit/537.36 (KHTML, like Gecko) Chrome/71.0.3578.99 Mobile Safari/537.36"
1,157.55.39.245,22/Jan/2019:00:56:57 +0330,POST,/product/32428/62788/D984D9BED8AAD8A7D9BED8A7DB8CD8B3D988D8B3D985D8AFD984AsusX541UV,200,43.02,NA,Mozilla/5.0 (compatible; bingbot/2.0; +http://www.bing.com/bingbot.htm)
2,157.55.39.245,22/Jan/2019:01:56:57 +0330,POST,/product/32428/62788/D984D9BED8AAD8A7D9BED8A7DB8CD8B3D988D8B3D985D8AFD984AsusX541UV,200,43.02,NA,Mozilla/5.0 (compatible; bingbot/2.0; +http://www.bing.com/bingbot.htm)
3,157.55.39.245,22/Jan/2019:02:56:57 +0330,POST,/product/32428/62788/D984D9BED8AAD8A7D9BED8A7DB8CD8B3D988D8B3D985D8AFD984AsusX541UV,200,43.02,NA,Mozilla/5.0 (compatible; bingbot/2.0; +http://www.bing.com/bingbot.htm)
4,157.55.39.245,22/Jan/2019:03:56:51 +0330,GET,/filter/b1b103b105b111b122b130b212b552b68b718b98,200,37.16,NA,Mozilla/5.0 (compatible; bingbot/2.0; +http://www.bing.com/bingbot.htm)
5,157.55.39.245,22/Jan/2019:03:56:54 +0330,GET,/blog/sports/gymandfitness/dbb7d8a7d8b4d8aad8a8d8a7d987d8b1d8a7db8cd8acd8afd8b1d8aad985d8b1db8cd986d8a7d8aad8a8d8afd986d8b3d8a7d8b2db8c/,200,25.04,NA,Mozilla/5.0 (compatible; bingbot/2.0; +http://www.bing.com/bingbot.htm)
6,157.55.39.245,22/Jan/2019:03:56:57 +0330,POST,/product/32428/62788/D984D9BED8AAD8A7D9BED8A7DB8CD8B3D988D8B3D985D8AFD984AsusX541UV,200,43.02,NA,Mozilla/5.0 (compatible; bingbot/2.0; +http://www.bing.com/bingbot.htm)
7,157.55.39.245,22/Jan/2019:04:56:57 +0330,POST,/product/32428/62788/D984D9BED8AAD8A7D9BED8A7DB8CD8B3D988D8B3D985D8AFD984AsusX541UV,200,43.02,NA,Mozilla/5.0 (compatible; bingbot/2.0; +http://www.bing.com/bingbot.htm)
8,157.55.39.245,22/Jan/2019:05:56:57 +0330,POST,/product/32428/62788/D984D9BED8AAD8A7D9BED8A7DB8CD8B3D988D8B3D985D8AFD984AsusX541UV,200,43.02,NA,Mozilla/5.0 (compatible; bingbot/2.0; +http://www.bing.com/bingbot.htm)
9,157.55.39.245,22/Jan/2019:06:56:57 +0330,POST,/product/32428/62788/D984D9BED8AAD8A7D9BED8A7DB8CD8B3D988D8B3D985D8AFD984AsusX541UV,200,43.02,NA,Mozilla/5.0 (compatible; bingbot/2.0; +http://www.bing.com/bingbot.htm)
10,157.55.39.245,22/Jan/2019:07:56:57 +0330,POST,/product/32428/62788/D984D9BED8AAD8A7D9BED8A7DB8CD8B3D988D8B3D985D8AFD984AsusX541UV,200,43.02,NA,Mozilla/5.0 (compatible; bingbot/2.0; +http://www.bing.com/bingbot.htm)
11,157.55.39.245,22/Jan/2019:08:56:57 +0330,POST,/product/32428/62788/D984D9BED8AAD8A7D9BED8A7DB8CD8B3D988D8B3D985D8AFD984AsusX541UV,200,43.02,NA,Mozilla/5.0 (compatible; bingbot/2.0; +http://www.bing.com/bingbot.htm)
12,157.55.39.245,22/Jan/2019:09:56:57 +0330,POST,/product/32428/62788/D984D9BED8AAD8A7D9BED8A7DB8CD8B3D988D8B3D985D8AFD984AsusX541UV,200,43.02,NA,Mozilla/5.0 (compatible; bingbot/2.0; +http://www.bing.com/bingbot.htm)
13,157.55.39.245,22/Jan/2019:10:56:57 +0330,POST,/product/32428/62788/D984D9BED8AAD8A7D9BED8A7DB8CD8B3D988D8B3D985D8AFD984AsusX541UV,200,43.02,NA,Mozilla/5.0 (compatible; bingbot/2.0; +http://www.bing.com/bingbot.htm)
14,157.55.39.245,22/Jan/2019:11:56:57 +0330,POST,/product/32428/62788/D984D9BED8AAD8A7D9BED8A7DB8CD8B3D988D8B3D985D8AFD984AsusX541UV,200,43.02,NA,Mozilla/5.0 (compatible; bingbot/2.0; +http://www.bing.com/bingbot.htm)
15,17.58.102.43,22/Jan/2019:03:56:35 +0330,GET,/filter/b5712Cb2882Cb702Cb572Cb62Cb3552Cb4852Cb872Cb5512Cb148,200,36.87,NA,"Mozilla/5.0 (Macintosh; Intel Mac OS X 10_10_1) AppleWebKit/600.2.5 (KHTML, like Gecko) Version/8.0.2 Safari/600.2.5 (Applebot/0.1; +http://www.apple.com/go/applebot)"
16,17.58.102.43,22/Jan/2019:03:56:55 +0330,GET,/filterfb2112Cb5022Cb2292Cb992Cb5072Cb1222Cb1092Cb462Cb1762Cb2192Cb5772Cb2612Cb1page3ob,302,0.0,NA,"Mozilla/5.0 (Macintosh; Intel Mac OS X 10_10_1) AppleWebKit/600.2.5 (KHTML, like Gecko) Version/8.0.2 Safari/600.2.5 (Applebot/0.1; +http://www.apple.com/go/applebot)"
17,17.58.102.43,22/Jan/2019:03:56:57 +0330,GET,/filter/b2112Cb5022Cb2292Cb992Cb5072Cb1222Cb1092Cb462Cb1762Cb2192Cb5772Cb2612Cb1page3,200,37.64,NA,"Mozilla/5.0 (Macintosh; Intel Mac OS X 10_10_1) AppleWebKit/600.2.5 (KHTML, like Gecko) Version/8.0.2 Safari/600.2.5 (Applebot/0.1; +http://www.apple.com/go/applebot)"
18,172.20.2.174,22/Jan/2019:03:56:49 +0330,GET,/site/ping,200,0.0,NA,NA
19,173.249.54.67,22/Jan/2019:03:56:29 +0330,GET,/image/32757nameebx414jpgwh200x200,200,3.67,NA,Dalvik/2.1.0 (Linux; U; Android 8.0.0; PRA-LA1 Build/HONORPRA-LA1)
20,173.249.54.67,22/Jan/2019:03:56:30 +0330,GET,/image/28893name1450677370thumbjpgwh200x200,200,3.77,NA,Dalvik/2.1.0 (Linux; U; Android 8.0.0; PRA-LA1 Build/HONORPRA-LA1)
21,173.249.54.67,22/Jan/2019:03:56:31 +0330,GET,/image/32756nameebx0511jpgwh200x200,200,3.06,NA,Dalvik/2.1.0 (Linux; U; Android 8.0.0; PRA-LA1 Build/HONORPRA-LA1)
22,173.249.54.67,22/Jan/2019:03:56:51 +0330,GET,/image/34185namemfpm130a1jpgwh200x200,200,5.27,NA,Dalvik/2.1.0 (Linux; U; Android 8.0.0; PRA-LA1 Build/HONORPRA-LA1)
23,173.249.54.67,22/Jan/2019:03:56:57 +0330,GET,/image/34187namem12a1jpgwh200x200,200,5.47,NA,Dalvik/2.1.0 (Linux; U; Android 8.0.0; PRA-LA1 Build/HONORPRA-LA1)
24,178.253.33.51,10/Jan/2019:03:56:20 +0330,GET,/settings/logo,200,4.02,https://www.zanbil.ir/m/product/32574/62991/%D9%85%D8%A7%D8%B4%DB%8C%D9%86-%D8%A7%D8%B5%D9%84%D8%A7%D8%AD-%D8%B5%D9%88%D8%B1%D8%AA-%D9%BE%D8%B1%D9%86%D8%B3%D9%84%DB%8C-%D9%85%D8%AF%D9%84-PR465AT,"Mozilla/5.0 (Linux; Android 5.1; HTC Desire 728 dual sim) AppleWebKit/537.36 (KHTML, like Gecko) Chrome/71.0.3578.83 Mobile Safari/537.36"
25,178.253.33.51,11/Jan/2019:03:56:20 +0330,GET,/settings/logo,200,4.02,https://www.zanbil.ir/m/product/32574/62991/%D9%85%D8%A7%D8%B4%DB%8C%D9%86-%D8%A7%D8%B5%D9%84%D8%A7%D8%AD-%D8%B5%D9%88%D8%B1%D8%AA-%D9%BE%D8%B1%D9%86%D8%B3%D9%84%DB%8C-%D9%85%D8%AF%D9%84-PR465AT,"Mozilla/5.0 (Linux; Android 5.1; HTC Desire 728 dual sim) AppleWebKit/537.36 (KHTML, like Gecko) Chrome/71.0.3578.83 Mobile Safari/537.36"
26,178.253.33.51,12/Jan/2019:03:56:20 +0330,GET,/settings/logo,200,4.02,https://www.zanbil.ir/m/product/32574/62991/%D9%85%D8%A7%D8%B4%DB%8C%D9%86-%D8%A7%D8%B5%D9%84%D8%A7%D8%AD-%D8%B5%D9%88%D8%B1%D8%AA-%D9%BE%D8%B1%D9%86%D8%B3%D9%84%DB%8C-%D9%85%D8%AF%D9%84-PR465AT,"Mozilla/5.0 (Linux; Android 5.1; HTC Desire 728 dual sim) AppleWebKit/537.36 (KHTML, like Gecko) Chrome/71.0.3578.83 Mobile Safari/537.36"
27,178.253.33.51,13/Jan/2019:03:56:20 +0330,GET,/settings/logo,200,4.02,https://www.zanbil.ir/m/product/32574/62991/%D9%85%D8%A7%D8%B4%DB%8C%D9%86-%D8%A7%D8%B5%D9%84%D8%A7%D8%AD-%D8%B5%D9%88%D8%B1%D8%AA-%D9%BE%D8%B1%D9%86%D8%B3%D9%84%DB%8C-%D9%85%D8%AF%D9%84-PR465AT,"Mozilla/5.0 (Linux; Android 5.1; HTC Desire 728 dual sim) AppleWebKit/537.36 (KHTML, like Gecko) Chrome/71.0.3578.83 Mobile Safari/537.36"
28,178.253.33.51,14/Jan/2019:03:56:20 +0330,GET,/settings/logo,200,4.02,https://www.zanbil.ir/m/product/32574/62991/%D9%85%D8%A7%D8%B4%DB%8C%D9%86-%D8%A7%D8%B5%D9%84%D8%A7%D8%AD-%D8%B5%D9%88%D8%B1%D8%AA-%D9%BE%D8%B1%D9%86%D8%B3%D9%84%DB%8C-%D9%85%D8%AF%D9%84-PR465AT,"Mozilla/5.0 (Linux; Android 5.1; HTC Desire 728 dual sim) AppleWebKit/537.36 (KHTML, like Gecko) Chrome/71.0.3578.83 Mobile Safari/537.36"
29,178.253.33.51,15/Jan/2019:03:56:20 +0330,GET,/settings/logo,200,4.02,https://www.zanbil.ir/m/product/32574/62991/%D9%85%D8%A7%D8%B4%DB%8C%D9%86-%D8%A7%D8%B5%D9%84%D8%A7%D8%AD-%D8%B5%D9%88%D8%B1%D8%AA-%D9%BE%D8%B1%D9%86%D8%B3%D9%84%DB%8C-%D9%85%D8%AF%D9%84-PR465AT,"Mozilla/5.0 (Linux; Android 5.1; HTC Desire 728 dual sim) AppleWebKit/537.36 (KHTML, like Gecko) Chrome/71.0.3578.83 Mobile Safari/537.36"
30,178.253.33.51,16/Jan/2019:03:56:20 +0330,GET,/settings/logo,200,4.02,https://www.zanbil.ir/m/product/32574/62991/%D9%85%D8%A7%D8%B4%DB%8C%D9%86-%D8%A7%D8%B5%D9%84%D8%A7%D8%AD-%D8%B5%D9%88%D8%B1%D8%AA-%D9%BE%D8%B1%D9%86%D8%B3%D9%84%DB%8C-%D9%85%D8%AF%D9%84-PR465AT,"Mozilla/5.0 (Linux; Android 5.1; HTC Desire 728 dual sim) AppleWebKit/537.36 (KHTML, like Gecko) Chrome/71.0.3578.83 Mobile Safari/537.36"
31,178.253.33.51,17/Jan/2019:03:56:20 +0330,GET,/settings/logo,200,4.02,https://www.zanbil.ir/m/product/32574/62991/%D9%85%D8%A7%D8%B4%DB%8C%D9%86-%D8%A7%D8%B5%D9%84%D8%A7%D8%AD-%D8%B5%D9%88%D8%B1%D8%AA-%D9%BE%D8%B1%D9%86%D8%B3%D9%84%DB%8C-%D9%85%D8%AF%D9%84-PR465AT,"Mozilla/5.0 (Linux; Android 5.1; HTC Desire 728 dual sim) AppleWebKit/537.36 (KHTML, like Gecko) Chrome/71.0.3578.83 Mobile Safari/537.36"
32,178.253.33.51,18/Jan/2019:03:56:20 +0330,GET,/settings/logo,200,4.02,https://www.zanbil.ir/m/product/32574/62991/%D9%85%D8%A7%D8%B4%DB%8C%D9%86-%D8%A7%D8%B5%D9%84%D8%A7%D8%AD-%D8%B5%D9%88%D8%B1%D8%AA-%D9%BE%D8%B1%D9%86%D8%B3%D9%84%DB%8C-%D9%85%D8%AF%D9%84-PR465AT,"Mozilla/5.0 (Linux; Android 5.1; HTC Desire 728 dual sim) AppleWebKit/537.36 (KHTML, like Gecko) Chrome/71.0.3578.83 Mobile Safari/537.36"
33,178.253.33.51,19/Jan/2019:03:56:20 +0330,GET,/settings/logo,200,4.02,https://www.zanbil.ir/m/product/32574/62991/%D9%85%D8%A7%D8%B4%DB%8C%D9%86-%D8%A7%D8%B5%D9%84%D8%A7%D8%AD-%D8%B5%D9%88%D8%B1%D8%AA-%D9%BE%D8%B1%D9%86%D8%B3%D9%84%DB%8C-%D9%85%D8%AF%D9%84-PR465AT,"Mozilla/5.0 (Linux; Android 5.1; HTC Desire 728 dual sim) AppleWebKit/537.36 (KHTML, like Gecko) Chrome/71.0.3578.83 Mobile Safari/537.36"
34,178.253.33.51,20/Jan/2019:03:56:20 +0330,GET,/settings/logo,200,4.02,https://www.zanbil.ir/m/product/32574/62991/%D9%85%D8%A7%D8%B4%DB%8C%D9%86-%D8%A7%D8%B5%D9%84%D8%A7%D8%AD-%D8%B5%D9%88%D8%B1%D8%AA-%D9%BE%D8%B1%D9%86%D8%B3%D9%84%DB%8C-%D9%85%D8%AF%D9%84-PR465AT,"Mozilla/5.0 (Linux; Android 5.1; HTC Desire 728 dual sim) AppleWebKit/537.36 (KHTML, like Gecko) Chrome/71.0.3578.83 Mobile Safari/537.36"
35,178.253.33.51,21/Jan/2019:03:56:20 +0330,GET,/settings/logo,200,4.02,https://www.zanbil.ir/m/product/32574/62991/%D9%85%D8%A7%D8%B4%DB%8C%D9%86-%D8%A7%D8%B5%D9%84%D8%A7%D8%AD-%D8%B5%D9%88%D8%B1%D8%AA-%D9%BE%D8%B1%D9%86%D8%B3%D9%84%DB%8C-%D9%85%D8%AF%D9%84-PR465AT,"Mozilla/5.0 (Linux; Android 5.1; HTC Desire 728 dual sim) AppleWebKit/537.36 (KHTML, like Gecko) Chrome/71.0.3578.83 Mobile Safari/537.36"
36,178.253.33.51,22/Jan/2019:03:56:19 +0330,GET,/m/product/32574/62991/D985D8A7D8B4DB8CD986D8A7D8B5D984D8A7D8ADD8B5D988D8B1D8AAD9BED8B1D986D8B3D984DB8CD985D8AFD984PR465AT,200,19.93,https://www.zanbil.ir/m/filter/p5767%2Ct156?name=%D9%85%D8%A7%D8%B4%DB%8C%D9%86-%D8%A7%D8%B5%D9%84%D8%A7%D8%AD&productType=electric-shavers,"Mozilla/5.0 (Linux; Android 5.1; HTC Desire 728 dual sim) AppleWebKit/537.36 (KHTML, like Gecko) Chrome/71.0.3578.83 Mobile Safari/537.36"
37,178.253.33.51,22/Jan/2019:03:56:20 +0330,GET,/settings/logo,200,4.02,https://www.zanbil.ir/m/product/32574/62991/%D9%85%D8%A7%D8%B4%DB%8C%D9%86-%D8%A7%D8%B5%D9%84%D8%A7%D8%AD-%D8%B5%D9%88%D8%B1%D8%AA-%D9%BE%D8%B1%D9%86%D8%B3%D9%84%DB%8C-%D9%85%D8%AF%D9%84-PR465AT,"Mozilla/5.0 (Linux; Android 5.1; HTC Desire 728 dual sim) AppleWebKit/537.36 (KHTML, like Gecko) Chrome/71.0.3578.83 Mobile Safari/537.36"
38,178.253.33.51,22/Jan/2019:03:56:21 +0330,GET,/image/32574namepr465atjpgwhmax,200,28.15,https://www.zanbil.ir/m/product/32574/62991/%D9%85%D8%A7%D8%B4%DB%8C%D9%86-%D8%A7%D8%B5%D9%84%D8%A7%D8%AD-%D8%B5%D9%88%D8%B1%D8%AA-%D9%BE%D8%B1%D9%86%D8%B3%D9%84%DB%8C-%D9%85%D8%AF%D9%84-PR465AT,"Mozilla/5.0 (Linux; Android 5.1; HTC Desire 728 dual sim) AppleWebKit/537.36 (KHTML, like Gecko) Chrome/71.0.3578.83 Mobile Safari/537.36"
39,178.253.33.51,22/Jan/2019:03:56:23 +0330,GET,/image/32574namepr465at1jpgwhmax,200,45.97,https://www.zanbil.ir/m/product/32574/62991/%D9%85%D8%A7%D8%B4%DB%8C%D9%86-%D8%A7%D8%B5%D9%84%D8%A7%D8%AD-%D8%B5%D9%88%D8%B1%D8%AA-%D9%BE%D8%B1%D9%86%D8%B3%D9%84%DB%8C-%D9%85%D8%AF%D9%84-PR465AT,"Mozilla/5.0 (Linux; Android 5.1; HTC Desire 728 dual sim) AppleWebKit/537.36 (KHTML, like Gecko) Chrome/71.0.3578.83 Mobile Safari/537.36"
40,178.253.33.51,22/Jan/2019:03:56:24 +0330,GET,/image/32574namepr465at2jpgwhmax,200,45.71,https://www.zanbil.ir/m/product/32574/62991/%D9%85%D8%A7%D8%B4%DB%8C%D9%86-%D8%A7%D8%B5%D9%84%D8%A7%D8%AD-%D8%B5%D9%88%D8%B1%D8%AA-%D9%BE%D8%B1%D9%86%D8%B3%D9%84%DB%8C-%D9%85%D8%AF%D9%84-PR465AT,"Mozilla/5.0 (Linux; Android 5.1; HTC Desire 728 dual sim) AppleWebKit/537.36 (KHTML, like Gecko) Chrome/71.0.3578.83 Mobile Safari/537.36"
41,178.253.33.51,23/Jan/2019:03:56:20 +0330,GET,/settings/logo,200,4.02,https://www.zanbil.ir/m/product/32574/62991/%D9%85%D8%A7%D8%B4%DB%8C%D9%86-%D8%A7%D8%B5%D9%84%D8%A7%D8%AD-%D8%B5%D9%88%D8%B1%D8%AA-%D9%BE%D8%B1%D9%86%D8%B3%D9%84%DB%8C-%D9%85%D8%AF%D9%84-PR465AT,"Mozilla/5.0 (Linux; Android 5.1; HTC Desire 728 dual sim) AppleWebKit/537.36 (KHTML, like Gecko) Chrome/71.0.3578.83 Mobile Safari/537.36"
42,178.253.33.51,24/Jan/2019:03:56:20 +0330,GET,/settings/logo,200,4.02,https://www.zanbil.ir/m/product/32574/62991/%D9%85%D8%A7%D8%B4%DB%8C%D9%86-%D8%A7%D8%B5%D9%84%D8%A7%D8%AD-%D8%B5%D9%88%D8%B1%D8%AA-%D9%BE%D8%B1%D9%86%D8%B3%D9%84%DB%8C-%D9%85%D8%AF%D9%84-PR465AT,"Mozilla/5.0 (Linux; Android 5.1; HTC Desire 728 dual sim) AppleWebKit/537.36 (KHTML, like Gecko) Chrome/71.0.3578.83 Mobile Safari/537.36"
43,178.253.33.51,25/Jan/2019:03:56:20 +0330,GET,/settings/logo,200,4.02,https://www.zanbil.ir/m/product/32574/62991/%D9%85%D8%A7%D8%B4%DB%8C%D9%86-%D8%A7%D8%B5%D9%84%D8%A7%D8%AD-%D8%B5%D9%88%D8%B1%D8%AA-%D9%BE%D8%B1%D9%86%D8%B3%D9%84%DB%8C-%D9%85%D8%AF%D9%84-PR465AT,"Mozilla/5.0 (Linux; Android 5.1; HTC Desire 728 dual sim) AppleWebKit/537.36 (KHTML, like Gecko) Chrome/71.0.3578.83 Mobile Safari/537.36"
44,178.253.33.51,26/Jan/2019:03:56:20 +0330,GET,/settings/logo,200,4.02,https://www.zanbil.ir/m/product/32574/62991/%D9%85%D8%A7%D8%B4%DB%8C%D9%86-%D8%A7%D8%B5%D9%84%D8%A7%D8%AD-%D8%B5%D9%88%D8%B1%D8%AA-%D9%BE%D8%B1%D9%86%D8%B3%D9%84%DB%8C-%D9%85%D8%AF%D9%84-PR465AT,"Mozilla/5.0 (Linux; Android 5.1; HTC Desire 728 dual sim) AppleWebKit/537.36 (KHTML, like Gecko) Chrome/71.0.3578.83 Mobile Safari/537.36"
45,178.253.33.51,27/Jan/2019:03:56:20 +0330,GET,/settings/logo,200,4.02,https://www.zanbil.ir/m/product/32574/62991/%D9%85%D8%A7%D8%B4%DB%8C%D9%86-%D8%A7%D8%B5%D9%84%D8%A7%D8%AD-%D8%B5%D9%88%D8%B1%D8%AA-%D9%BE%D8%B1%D9%86%D8%B3%D9%84%DB%8C-%D9%85%D8%AF%D9%84-PR465AT,"Mozilla/5.0 (Linux; Android 5.1; HTC Desire 728 dual sim) AppleWebKit/537.36 (KHTML, like Gecko) Chrome/71.0.3578.83 Mobile Safari/537.36"
46,178.253.33.51,28/Jan/2019:03:56:20 +0330,GET,/settings/logo,200,4.02,https://www.zanbil.ir/m/product/32574/62991/%D9%85%D8%A7%D8%B4%DB%8C%D9%86-%D8%A7%D8%B5%D9%84%D8%A7%D8%AD-%D8%B5%D9%88%D8%B1%D8%AA-%D9%BE%D8%B1%D9%86%D8%B3%D9%84%DB%8C-%D9%85%D8%AF%D9%84-PR465AT,"Mozilla/5.0 (Linux; Android 5.1; HTC Desire 728 dual sim) AppleWebKit/537.36 (KHTML, like Gecko) Chrome/71.0.3578.83 Mobile Safari/537.36"
47,178.253.33.51,29/Jan/2019:03:56:20 +0330,GET,/settings/logo,200,4.02,https://www.zanbil.ir/m/product/32574/62991/%D9%85%D8%A7%D8%B4%DB%8C%D9%86-%D8%A7%D8%B5%D9%84%D8%A7%D8%AD-%D8%B5%D9%88%D8%B1%D8%AA-%D9%BE%D8%B1%D9%86%D8%B3%D9%84%DB%8C-%D9%85%D8%AF%D9%84-PR465AT,"Mozilla/5.0 (Linux; Android 5.1; HTC Desire 728 dual sim) AppleWebKit/537.36 (KHTML, like Gecko) Chrome/71.0.3578.83 Mobile Safari/537.36"
48,178.253.33.51,30/Jan/2019:03:56:20 +0330,GET,/settings/logo,200,4.02,https://www.zanbil.ir/m/product/32574/62991/%D9%85%D8%A7%D8%B4%DB%8C%D9%86-%D8%A7%D8%B5%D9%84%D8%A7%D8%AD-%D8%B5%D9%88%D8%B1%D8%AA-%D9%BE%D8%B1%D9%86%D8%B3%D9%84%DB%8C-%D9%85%D8%AF%D9%84-PR465AT,"Mozilla/5.0 (Linux; Android 5.1; HTC Desire 728 dual sim) AppleWebKit/537.36 (KHTML, like Gecko) Chrome/71.0.3578.83 Mobile Safari/537.36"
49,178.253.33.51,31/Jan/2019:03:56:20 +0330,GET,/settings/logo,200,4.02,https://www.zanbil.ir/m/product/32574/62991/%D9%85%D8%A7%D8%B4%DB%8C%D9%86-%D8%A7%D8%B5%D9%84%D8%A7%D8%AD-%D8%B5%D9%88%D8%B1%D8%AA-%D9%BE%D8%B1%D9%86%D8%B3%D9%84%DB%8C-%D9%85%D8%AF%D9%84-PR465AT,"Mozilla/5.0 (Linux; Android 5.1; HTC Desire 728 dual sim) AppleWebKit/537.36 (KHTML, like Gecko) Chrome/71.0.3578.83 Mobile Safari/537.36"
50,2.177.12.0,22/Jan/2019:11:56:25 +0330,GET,/image/64272/productModel/150x150,200,3.68,https://www.zanbil.ir/m/product/33606/%D8%AA%D9%84%D9%88%DB%8C%D8%B2%DB%8C%D9%88%D9%86-%D8%A7%D9%84-%D8%A7%DB%8C-%D8%AF%DB%8C-%D8%B3%D8%A7%D9%85%D8%B3%D9%88%D9%86%DA%AF-%D9%85%D8%AF%D9%84-55NU8950-Ultra-HD-4K,Mozilla/5.0 (Android 7.1.1; Mobile; rv:64.0) Gecko/64.0 Firefox/64.0
51,2.177.12.1,22/Jan/2019:00:56:25 +0330,GET,/image/64272/productModel/150x150,200,3.68,https://www.zanbil.ir/m/product/33606/%D8%AA%D9%84%D9%88%DB%8C%D8%B2%DB%8C%D9%88%D9%86-%D8%A7%D9%84-%D8%A7%DB%8C-%D8%AF%DB%8C-%D8%B3%D8%A7%D9%85%D8%B3%D9%88%D9%86%DA%AF-%D9%85%D8%AF%D9%84-55NU8950-Ultra-HD-4K,Mozilla/5.0 (Android 7.1.1; Mobile; rv:64.0) Gecko/64.0 Firefox/64.0
52,2.177.12.1,22/Jan/2019:01:56:25 +0330,GET,/image/64272/productModel/150x150,200,3.68,https://www.zanbil.ir/m/product/33606/%D8%AA%D9%84%D9%88%DB%8C%D8%B2%DB%8C%D9%88%D9%86-%D8%A7%D9%84-%D8%A7%DB%8C-%D8%AF%DB%8C-%D8%B3%D8%A7%D9%85%D8%B3%D9%88%D9%86%DA%AF-%D9%85%D8%AF%D9%84-55NU8950-Ultra-HD-4K,Mozilla/5.0 (Android 7.1.1; Mobile; rv:64.0) Gecko/64.0 Firefox/64.0
53,2.177.12.10,22/Jan/2019:01:56:36 +0330,GET,/image/62423/productModel/150x150,200,4.8,https://www.zanbil.ir/m/product/33606/%D8%AA%D9%84%D9%88%DB%8C%D8%B2%DB%8C%D9%88%D9%86-%D8%A7%D9%84-%D8%A7%DB%8C-%D8%AF%DB%8C-%D8%B3%D8%A7%D9%85%D8%B3%D9%88%D9%86%DA%AF-%D9%85%D8%AF%D9%84-55NU8950-Ultra-HD-4K,Mozilla/5.0 (Android 7.1.1; Mobile; rv:64.0) Gecko/64.0 Firefox/64.0
54,2.177.12.10,22/Jan/2019:07:56:25 +0330,GET,/image/64272/productModel/150x150,200,3.68,https://www.zanbil.ir/m/product/33606/%D8%AA%D9%84%D9%88%DB%8C%D8%B2%DB%8C%D9%88%D9%86-%D8%A7%D9%84-%D8%A7%DB%8C-%D8%AF%DB%8C-%D8%B3%D8%A7%D9%85%D8%B3%D9%88%D9%86%DA%AF-%D9%85%D8%AF%D9%84-55NU8950-Ultra-HD-4K,Mozilla/5.0 (Android 7.1.1; Mobile; rv:64.0) Gecko/64.0 Firefox/64.0
55,2.177.12.100,22/Jan/2019:04:56:25 +0330,GET,/image/64272/productModel/150x150,200,3.68,https://www.zanbil.ir/m/product/33606/%D8%AA%D9%84%D9%88%DB%8C%D8%B2%DB%8C%D9%88%D9%86-%D8%A7%D9%84-%D8%A7%DB%8C-%D8%AF%DB%8C-%D8%B3%D8%A7%D9%85%D8%B3%D9%88%D9%86%DA%AF-%D9%85%D8%AF%D9%84-55NU8950-Ultra-HD-4K,Mozilla/5.0 (Android 7.1.1; Mobile; rv:64.0) Gecko/64.0 Firefox/64.0
56,2.177.12.100,22/Jan/2019:11:56:25 +0330,GET,/image/64272/productModel/150x150,200,3.68,https://www.zanbil.ir/m/product/33606/%D8%AA%D9%84%D9%88%DB%8C%D8%B2%DB%8C%D9%88%D9%86-%D8%A7%D9%84-%D8%A7%DB%8C-%D8%AF%DB%8C-%D8%B3%D8%A7%D9%85%D8%B3%D9%88%D9%86%DA%AF-%D9%85%D8%AF%D9%84-55NU8950-Ultra-HD-4K,Mozilla/5.0 (Android 7.1.1; Mobile; rv:64.0) Gecko/64.0 Firefox/64.0
57,2.177.12.101,22/Jan/2019:00:56:25 +0330,GET,/image/64272/productModel/150x150,200,3.68,https://www.zanbil.ir/m/product/33606/%D8%AA%D9%84%D9%88%DB%8C%D8%B2%DB%8C%D9%88%D9%86-%D8%A7%D9%84-%D8%A7%DB%8C-%D8%AF%DB%8C-%D8%B3%D8%A7%D9%85%D8%B3%D9%88%D9%86%DA%AF-%D9%85%D8%AF%D9%84-55NU8950-Ultra-HD-4K,Mozilla/5.0 (Android 7.1.1; Mobile; rv:64.0) Gecko/64.0 Firefox/64.0
58,2.177.12.101,22/Jan/2019:07:56:25 +0330,GET,/image/64272/productModel/150x150,200,3.68,https://www.zanbil.ir/m/product/33606/%D8%AA%D9%84%D9%88%DB%8C%D8%B2%DB%8C%D9%88%D9%86-%D8%A7%D9%84-%D8%A7%DB%8C-%D8%AF%DB%8C-%D8%B3%D8%A7%D9%85%D8%B3%D9%88%D9%86%DA%AF-%D9%85%D8%AF%D9%84-55NU8950-Ultra-HD-4K,Mozilla/5.0 (Android 7.1.1; Mobile; rv:64.0) Gecko/64.0 Firefox/64.0
59,2.177.12.102,22/Jan/2019:06:56:36 +0330,GET,/image/62423/productModel/150x150,200,4.8,https://www.zanbil.ir/m/product/33606/%D8%AA%D9%84%D9%88%DB%8C%D8%B2%DB%8C%D9%88%D9%86-%D8%A7%D9%84-%D8%A7%DB%8C-%D8%AF%DB%8C-%D8%B3%D8%A7%D9%85%D8%B3%D9%88%D9%86%DA%AF-%D9%85%D8%AF%D9%84-55NU8950-Ultra-HD-4K,Mozilla/5.0 (Android 7.1.1; Mobile; rv:64.0) Gecko/64.0 Firefox/64.0
60,2.177.12.103,22/Jan/2019:08:56:36 +0330,GET,/image/62423/productModel/150x150,200,4.8,https://www.zanbil.ir/m/product/33606/%D8%AA%D9%84%D9%88%DB%8C%D8%B2%DB%8C%D9%88%D9%86-%D8%A7%D9%84-%D8%A7%DB%8C-%D8%AF%DB%8C-%D8%B3%D8%A7%D9%85%D8%B3%D9%88%D9%86%DA%AF-%D9%85%D8%AF%D9%84-55NU8950-Ultra-HD-4K,Mozilla/5.0 (Android 7.1.1; Mobile; rv:64.0) Gecko/64.0 Firefox/64.0
61,2.177.12.104,22/Jan/2019:00:56:25 +0330,GET,/image/64272/productModel/150x150,200,3.68,https://www.zanbil.ir/m/product/33606/%D8%AA%D9%84%D9%88%DB%8C%D8%B2%DB%8C%D9%88%D9%86-%D8%A7%D9%84-%D8%A7%DB%8C-%D8%AF%DB%8C-%D8%B3%D8%A7%D9%85%D8%B3%D9%88%D9%86%DA%AF-%D9%85%D8%AF%D9%84-55NU8950-Ultra-HD-4K,Mozilla/5.0 (Android 7.1.1; Mobile; rv:64.0) Gecko/64.0 Firefox/64.0
62,2.177.12.104,22/Jan/2019:01:56:36 +0330,GET,/image/62423/productModel/150x150,200,4.8,https://www.zanbil.ir/m/product/33606/%D8%AA%D9%84%D9%88%DB%8C%D8%B2%DB%8C%D9%88%D9%86-%D8%A7%D9%84-%D8%A7%DB%8C-%D8%AF%DB%8C-%D8%B3%D8%A7%D9%85%D8%B3%D9%88%D9%86%DA%AF-%D9%85%D8%AF%D9%84-55NU8950-Ultra-HD-4K,Mozilla/5.0 (Android 7.1.1; Mobile; rv:64.0) Gecko/64.0 Firefox/64.0
63,2.177.12.104,22/Jan/2019:07:56:25 +0330,GET,/image/64272/productModel/150x150,200,3.68,https://www.zanbil.ir/m/product/33606/%D8%AA%D9%84%D9%88%DB%8C%D8%B2%DB%8C%D9%88%D9%86-%D8%A7%D9%84-%D8%A7%DB%8C-%D8%AF%DB%8C-%D8%B3%D8%A7%D9%85%D8%B3%D9%88%D9%86%DA%AF-%D9%85%D8%AF%D9%84-55NU8950-Ultra-HD-4K,Mozilla/5.0 (Android 7.1.1; Mobile; rv:64.0) Gecko/64.0 Firefox/64.0
64,2.177.12.104,22/Jan/2019:09:56:36 +0330,GET,/image/62423/productModel/150x150,200,4.8,https://www.zanbil.ir/m/product/33606/%D8%AA%D9%84%D9%88%DB%8C%D8%B2%DB%8C%D9%88%D9%86-%D8%A7%D9%84-%D8%A7%DB%8C-%D8%AF%DB%8C-%D8%B3%D8%A7%D9%85%D8%B3%D9%88%D9%86%DA%AF-%D9%85%D8%AF%D9%84-55NU8950-Ultra-HD-4K,Mozilla/5.0 (Android 7.1.1; Mobile; rv:64.0) Gecko/64.0 Firefox/64.0
65,2.177.12.105,22/Jan/2019:00:56:25 +0330,GET,/image/64272/productModel/150x150,200,3.68,https://www.zanbil.ir/m/product/33606/%D8%AA%D9%84%D9%88%DB%8C%D8%B2%DB%8C%D9%88%D9%86-%D8%A7%D9%84-%D8%A7%DB%8C-%D8%AF%DB%8C-%D8%B3%D8%A7%D9%85%D8%B3%D9%88%D9%86%DA%AF-%D9%85%D8%AF%D9%84-55NU8950-Ultra-HD-4K,Mozilla/5.0 (Android 7.1.1; Mobile; rv:64.0) Gecko/64.0 Firefox/64.0
66,2.177.12.105,22/Jan/2019:06:56:25 +0330,GET,/image/64272/productModel/150x150,200,3.68,https://www.zanbil.ir/m/product/33606/%D8%AA%D9%84%D9%88%DB%8C%D8%B2%DB%8C%D9%88%D9%86-%D8%A7%D9%84-%D8%A7%DB%8C-%D8%AF%DB%8C-%D8%B3%D8%A7%D9%85%D8%B3%D9%88%D9%86%DA%AF-%D9%85%D8%AF%D9%84-55NU8950-Ultra-HD-4K,Mozilla/5.0 (Android 7.1.1; Mobile; rv:64.0) Gecko/64.0 Firefox/64.0
67,2.177.12.105,22/Jan/2019:11:56:36 +0330,GET,/image/62423/productModel/150x150,200,4.8,https://www.zanbil.ir/m/product/33606/%D8%AA%D9%84%D9%88%DB%8C%D8%B2%DB%8C%D9%88%D9%86-%D8%A7%D9%84-%D8%A7%DB%8C-%D8%AF%DB%8C-%D8%B3%D8%A7%D9%85%D8%B3%D9%88%D9%86%DA%AF-%D9%85%D8%AF%D9%84-55NU8950-Ultra-HD-4K,Mozilla/5.0 (Android 7.1.1; Mobile; rv:64.0) Gecko/64.0 Firefox/64.0
68,2.177.12.106,22/Jan/2019:00:56:25 +0330,GET,/image/64272/productModel/150x150,200,3.68,https://www.zanbil.ir/m/product/33606/%D8%AA%D9%84%D9%88%DB%8C%D8%B2%DB%8C%D9%88%D9%86-%D8%A7%D9%84-%D8%A7%DB%8C-%D8%AF%DB%8C-%D8%B3%D8%A7%D9%85%D8%B3%D9%88%D9%86%DA%AF-%D9%85%D8%AF%D9%84-55NU8950-Ultra-HD-4K,Mozilla/5.0 (Android 7.1.1; Mobile; rv:64.0) Gecko/64.0 Firefox/64.0
69,2.177.12.106,22/Jan/2019:08:56:25 +0330,GET,/image/64272/productModel/150x150,200,3.68,https://www.zanbil.ir/m/product/33606/%D8%AA%D9%84%D9%88%DB%8C%D8%B2%DB%8C%D9%88%D9%86-%D8%A7%D9%84-%D8%A7%DB%8C-%D8%AF%DB%8C-%D8%B3%D8%A7%D9%85%D8%B3%D9%88%D9%86%DA%AF-%D9%85%D8%AF%D9%84-55NU8950-Ultra-HD-4K,Mozilla/5.0 (Android 7.1.1; Mobile; rv:64.0) Gecko/64.0 Firefox/64.0
70,2.177.12.106,22/Jan/2019:10:56:25 +0330,GET,/image/64272/productModel/150x150,200,3.68,https://www.zanbil.ir/m/product/33606/%D8%AA%D9%84%D9%88%DB%8C%D8%B2%DB%8C%D9%88%D9%86-%D8%A7%D9%84-%D8%A7%DB%8C-%D8%AF%DB%8C-%D8%B3%D8%A7%D9%85%D8%B3%D9%88%D9%86%DA%AF-%D9%85%D8%AF%D9%84-55NU8950-Ultra-HD-4K,Mozilla/5.0 (Android 7.1.1; Mobile; rv:64.0) Gecko/64.0 Firefox/64.0
71,2.177.12.107,22/Jan/2019:01:56:36 +0330,GET,/image/62423/productModel/150x150,200,4.8,https://www.zanbil.ir/m/product/33606/%D8%AA%D9%84%D9%88%DB%8C%D8%B2%DB%8C%D9%88%D9%86-%D8%A7%D9%84-%D8%A7%DB%8C-%D8%AF%DB%8C-%D8%B3%D8%A7%D9%85%D8%B3%D9%88%D9%86%DA%AF-%D9%85%D8%AF%D9%84-55NU8950-Ultra-HD-4K,Mozilla/5.0 (Android 7.1.1; Mobile; rv:64.0) Gecko/64.0 Firefox/64.0
72,2.177.12.107,22/Jan/2019:04:56:36 +0330,GET,/image/62423/productModel/150x150,200,4.8,https://www.zanbil.ir/m/product/33606/%D8%AA%D9%84%D9%88%DB%8C%D8%B2%DB%8C%D9%88%D9%86-%D8%A7%D9%84-%D8%A7%DB%8C-%D8%AF%DB%8C-%D8%B3%D8%A7%D9%85%D8%B3%D9%88%D9%86%DA%AF-%D9%85%D8%AF%D9%84-55NU8950-Ultra-HD-4K,Mozilla/5.0 (Android 7.1.1; Mobile; rv:64.0) Gecko/64.0 Firefox/64.0
73,2.177.12.107,22/Jan/2019:09:56:36 +0330,GET,/image/62423/productModel/150x150,200,4.8,https://www.zanbil.ir/m/product/33606/%D8%AA%D9%84%D9%88%DB%8C%D8%B2%DB%8C%D9%88%D9%86-%D8%A7%D9%84-%D8%A7%DB%8C-%D8%AF%DB%8C-%D8%B3%D8%A7%D9%85%D8%B3%D9%88%D9%86%DA%AF-%D9%85%D8%AF%D9%84-55NU8950-Ultra-HD-4K,Mozilla/5.0 (Android 7.1.1; Mobile; rv:64.0) Gecko/64.0 Firefox/64.0
74,2.177.12.107,22/Jan/2019:11:56:25 +0330,GET,/image/64272/productModel/150x150,200,3.68,https://www.zanbil.ir/m/product/33606/%D8%AA%D9%84%D9%88%DB%8C%D8%B2%DB%8C%D9%88%D9%86-%D8%A7%D9%84-%D8%A7%DB%8C-%D8%AF%DB%8C-%D8%B3%D8%A7%D9%85%D8%B3%D9%88%D9%86%DA%AF-%D9%85%D8%AF%D9%84-55NU8950-Ultra-HD-4K,Mozilla/5.0 (Android 7.1.1; Mobile; rv:64.0) Gecko/64.0 Firefox/64.0
75,2.177.12.108,22/Jan/2019:11:56:36 +0330,GET,/image/62423/productModel/150x150,200,4.8,https://www.zanbil.ir/m/product/33606/%D8%AA%D9%84%D9%88%DB%8C%D8%B2%DB%8C%D9%88%D9%86-%D8%A7%D9%84-%D8%A7%DB%8C-%D8%AF%DB%8C-%D8%B3%D8%A7%D9%85%D8%B3%D9%88%D9%86%DA%AF-%D9%85%D8%AF%D9%84-55NU8950-Ultra-HD-4K,Mozilla/5.0 (Android 7.1.1; Mobile; rv:64.0) Gecko/64.0 Firefox/64.0
76,2.177.12.11,22/Jan/2019:01:56:25 +0330,GET,/image/64272/productModel/150x150,200,3.68,https://www.zanbil.ir/m/product/33606/%D8%AA%D9%84%D9%88%DB%8C%D8%B2%DB%8C%D9%88%D9%86-%D8%A7%D9%84-%D8%A7%DB%8C-%D8%AF%DB%8C-%D8%B3%D8%A7%D9%85%D8%B3%D9%88%D9%86%DA%AF-%D9%85%D8%AF%D9%84-55NU8950-Ultra-HD-4K,Mozilla/5.0 (Android 7.1.1; Mobile; rv:64.0) Gecko/64.0 Firefox/64.0
77,2.177.12.11,22/Jan/2019:04:56:25 +0330,GET,/image/64272/productModel/150x150,200,3.68,https://www.zanbil.ir/m/product/33606/%D8%AA%D9%84%D9%88%DB%8C%D8%B2%DB%8C%D9%88%D9%86-%D8%A7%D9%84-%D8%A7%DB%8C-%D8%AF%DB%8C-%D8%B3%D8%A7%D9%85%D8%B3%D9%88%D9%86%DA%AF-%D9%85%D8%AF%D9%84-55NU8950-Ultra-HD-4K,Mozilla/5.0 (Android 7.1.1; Mobile; rv:64.0) Gecko/64.0 Firefox/64.0
78,2.177.12.110,22/Jan/2019:08:56:36 +0330,GET,/image/62423/productModel/150x150,200,4.8,https://www.zanbil.ir/m/product/33606/%D8%AA%D9%84%D9%88%DB%8C%D8%B2%DB%8C%D9%88%D9%86-%D8%A7%D9%84-%D8%A7%DB%8C-%D8%AF%DB%8C-%D8%B3%D8%A7%D9%85%D8%B3%D9%88%D9%86%DA%AF-%D9%85%D8%AF%D9%84-55NU8950-Ultra-HD-4K,Mozilla/5.0 (Android 7.1.1; Mobile; rv:64.0) Gecko/64.0 Firefox/64.0
79,2.177.12.112,22/Jan/2019:10:56:36 +0330,GET,/image/62423/productModel/150x150,200,4.8,https://www.zanbil.ir/m/product/33606/%D8%AA%D9%84%D9%88%DB%8C%D8%B2%DB%8C%D9%88%D9%86-%D8%A7%D9%84-%D8%A7%DB%8C-%D8%AF%DB%8C-%D8%B3%D8%A7%D9%85%D8%B3%D9%88%D9%86%DA%AF-%D9%85%D8%AF%D9%84-55NU8950-Ultra-HD-4K,Mozilla/5.0 (Android 7.1.1; Mobile; rv:64.0) Gecko/64.0 Firefox/64.0
80,2.177.12.114,22/Jan/2019:05:56:36 +0330,GET,/image/62423/productModel/150x150,200,4.8,https://www.zanbil.ir/m/product/33606/%D8%AA%D9%84%D9%88%DB%8C%D8%B2%DB%8C%D9%88%D9%86-%D8%A7%D9%84-%D8%A7%DB%8C-%D8%AF%DB%8C-%D8%B3%D8%A7%D9%85%D8%B3%D9%88%D9%86%DA%AF-%D9%85%D8%AF%D9%84-55NU8950-Ultra-HD-4K,Mozilla/5.0 (Android 7.1.1; Mobile; rv:64.0) Gecko/64.0 Firefox/64.0
81,2.177.12.114,22/Jan/2019:06:56:36 +0330,GET,/image/62423/productModel/150x150,200,4.8,https://www.zanbil.ir/m/product/33606/%D8%AA%D9%84%D9%88%DB%8C%D8%B2%DB%8C%D9%88%D9%86-%D8%A7%D9%84-%D8%A7%DB%8C-%D8%AF%DB%8C-%D8%B3%D8%A7%D9%85%D8%B3%D9%88%D9%86%DA%AF-%D9%85%D8%AF%D9%84-55NU8950-Ultra-HD-4K,Mozilla/5.0 (Android 7.1.1; Mobile; rv:64.0) Gecko/64.0 Firefox/64.0
82,2.177.12.114,22/Jan/2019:07:56:36 +0330,GET,/image/62423/productModel/150x150,200,4.8,https://www.zanbil.ir/m/product/33606/%D8%AA%D9%84%D9%88%DB%8C%D8%B2%DB%8C%D9%88%D9%86-%D8%A7%D9%84-%D8%A7%DB%8C-%D8%AF%DB%8C-%D8%B3%D8%A7%D9%85%D8%B3%D9%88%D9%86%DA%AF-%D9%85%D8%AF%D9%84-55NU8950-Ultra-HD-4K,Mozilla/5.0 (Android 7.1.1; Mobile; rv:64.0) Gecko/64.0 Firefox/64.0
83,2.177.12.115,22/Jan/2019:03:56:25 +0330,GET,/image/64272/productModel/150x150,200,3.68,https://www.zanbil.ir/m/product/33606/%D8%AA%D9%84%D9%88%DB%8C%D8%B2%DB%8C%D9%88%D9%86-%D8%A7%D9%84-%D8%A7%DB%8C-%D8%AF%DB%8C-%D8%B3%D8%A7%D9%85%D8%B3%D9%88%D9%86%DA%AF-%D9%85%D8%AF%D9%84-55NU8950-Ultra-HD-4K,Mozilla/5.0 (Android 7.1.1; Mobile; rv:64.0) Gecko/64.0 Firefox/64.0
84,2.177.12.115,22/Jan/2019:05:56:25 +0330,GET,/image/64272/productModel/150x150,200,3.68,https://www.zanbil.ir/m/product/33606/%D8%AA%D9%84%D9%88%DB%8C%D8%B2%DB%8C%D9%88%D9%86-%D8%A7%D9%84-%D8%A7%DB%8C-%D8%AF%DB%8C-%D8%B3%D8%A7%D9%85%D8%B3%D9%88%D9%86%DA%AF-%D9%85%D8%AF%D9%84-55NU8950-Ultra-HD-4K,Mozilla/5.0 (Android 7.1.1; Mobile; rv:64.0) Gecko/64.0 Firefox/64.0
85,2.177.12.116,22/Jan/2019:00:56:25 +0330,GET,/image/64272/productModel/150x150,200,3.68,https://www.zanbil.ir/m/product/33606/%D8%AA%D9%84%D9%88%DB%8C%D8%B2%DB%8C%D9%88%D9%86-%D8%A7%D9%84-%D8%A7%DB%8C-%D8%AF%DB%8C-%D8%B3%D8%A7%D9%85%D8%B3%D9%88%D9%86%DA%AF-%D9%85%D8%AF%D9%84-55NU8950-Ultra-HD-4K,Mozilla/5.0 (Android 7.1.1; Mobile; rv:64.0) Gecko/64.0 Firefox/64.0
86,2.177.12.116,22/Jan/2019:02:56:36 +0330,GET,/image/62423/productModel/150x150,200,4.8,https://www.zanbil.ir/m/product/33606/%D8%AA%D9%84%D9%88%DB%8C%D8%B2%DB%8C%D9%88%D9%86-%D8%A7%D9%84-%D8%A7%DB%8C-%D8%AF%DB%8C-%D8%B3%D8%A7%D9%85%D8%B3%D9%88%D9%86%DA%AF-%D9%85%D8%AF%D9%84-55NU8950-Ultra-HD-4K,Mozilla/5.0 (Android 7.1.1; Mobile; rv:64.0) Gecko/64.0 Firefox/64.0
87,2.177.12.116,22/Jan/2019:05:56:25 +0330,GET,/image/64272/productModel/150x150,200,3.68,https://www.zanbil.ir/m/product/33606/%D8%AA%D9%84%D9%88%DB%8C%D8%B2%DB%8C%D9%88%D9%86-%D8%A7%D9%84-%D8%A7%DB%8C-%D8%AF%DB%8C-%D8%B3%D8%A7%D9%85%D8%B3%D9%88%D9%86%DA%AF-%D9%85%D8%AF%D9%84-55NU8950-Ultra-HD-4K,Mozilla/5.0 (Android 7.1.1; Mobile; rv:64.0) Gecko/64.0 Firefox/64.0
88,2.177.12.116,22/Jan/2019:05:56:36 +0330,GET,/image/62423/productModel/150x150,200,4.8,https://www.zanbil.ir/m/product/33606/%D8%AA%D9%84%D9%88%DB%8C%D8%B2%DB%8C%D9%88%D9%86-%D8%A7%D9%84-%D8%A7%DB%8C-%D8%AF%DB%8C-%D8%B3%D8%A7%D9%85%D8%B3%D9%88%D9%86%DA%AF-%D9%85%D8%AF%D9%84-55NU8950-Ultra-HD-4K,Mozilla/5.0 (Android 7.1.1; Mobile; rv:64.0) Gecko/64.0 Firefox/64.0
89,2.177.12.117,22/Jan/2019:02:56:25 +0330,GET,/image/64272/productModel/150x150,200,3.68,https://www.zanbil.ir/m/product/33606/%D8%AA%D9%84%D9%88%DB%8C%D8%B2%DB%8C%D9%88%D9%86-%D8%A7%D9%84-%D8%A7%DB%8C-%D8%AF%DB%8C-%D8%B3%D8%A7%D9%85%D8%B3%D9%88%D9%86%DA%AF-%D9%85%D8%AF%D9%84-55NU8950-Ultra-HD-4K,Mozilla/5.0 (Android 7.1.1; Mobile; rv:64.0) Gecko/64.0 Firefox/64.0
90,2.177.12.117,22/Jan/2019:03:56:25 +0330,GET,/image/64272/productModel/150x150,200,3.68,https://www.zanbil.ir/m/product/33606/%D8%AA%D9%84%D9%88%DB%8C%D8%B2%DB%8C%D9%88%D9%86-%D8%A7%D9%84-%D8%A7%DB%8C-%D8%AF%DB%8C-%D8%B3%D8%A7%D9%85%D8%B3%D9%88%D9%86%DA%AF-%D9%85%D8%AF%D9%84-55NU8950-Ultra-HD-4K,Mozilla/5.0 (Android 7.1.1; Mobile; rv:64.0) Gecko/64.0 Firefox/64.0
91,2.177.12.117,22/Jan/2019:04:56:36 +0330,GET,/image/62423/productModel/150x150,200,4.8,https://www.zanbil.ir/m/product/33606/%D8%AA%D9%84%D9%88%DB%8C%D8%B2%DB%8C%D9%88%D9%86-%D8%A7%D9%84-%D8%A7%DB%8C-%D8%AF%DB%8C-%D8%B3%D8%A7%D9%85%D8%B3%D9%88%D9%86%DA%AF-%D9%85%D8%AF%D9%84-55NU8950-Ultra-HD-4K,Mozilla/5.0 (Android 7.1.1; Mobile; rv:64.0) Gecko/64.0 Firefox/64.0
92,2.177.12.119,22/Jan/2019:06:56:25 +0330,GET,/image/64272/productModel/150x150,200,3.68,https://www.zanbil.ir/m/product/33606/%D8%AA%D9%84%D9%88%DB%8C%D8%B2%DB%8C%D9%88%D9%86-%D8%A7%D9%84-%D8%A7%DB%8C-%D8%AF%DB%8C-%D8%B3%D8%A7%D9%85%D8%B3%D9%88%D9%86%DA%AF-%D9%85%D8%AF%D9%84-55NU8950-Ultra-HD-4K,Mozilla/5.0 (Android 7.1.1; Mobile; rv:64.0) Gecko/64.0 Firefox/64.0
93,2.177.12.119,22/Jan/2019:08:56:36 +0330,GET,/image/62423/productModel/150x150,200,4.8,https://www.zanbil.ir/m/product/33606/%D8%AA%D9%84%D9%88%DB%8C%D8%B2%DB%8C%D9%88%D9%86-%D8%A7%D9%84-%D8%A7%DB%8C-%D8%AF%DB%8C-%D8%B3%D8%A7%D9%85%D8%B3%D9%88%D9%86%DA%AF-%D9%85%D8%AF%D9%84-55NU8950-Ultra-HD-4K,Mozilla/5.0 (Android 7.1.1; Mobile; rv:64.0) Gecko/64.0 Firefox/64.0
94,2.177.12.119,22/Jan/2019:11:56:36 +0330,GET,/image/62423/productModel/150x150,200,4.8,https://www.zanbil.ir/m/product/33606/%D8%AA%D9%84%D9%88%DB%8C%D8%B2%DB%8C%D9%88%D9%86-%D8%A7%D9%84-%D8%A7%DB%8C-%D8%AF%DB%8C-%D8%B3%D8%A7%D9%85%D8%B3%D9%88%D9%86%DA%AF-%D9%85%D8%AF%D9%84-55NU8950-Ultra-HD-4K,Mozilla/5.0 (Android 7.1.1; Mobile; rv:64.0) Gecko/64.0 Firefox/64.0
95,2.177.12.120,22/Jan/2019:01:56:25 +0330,GET,/image/64272/productModel/150x150,200,3.68,https://www.zanbil.ir/m/product/33606/%D8%AA%D9%84%D9%88%DB%8C%D8%B2%DB%8C%D9%88%D9%86-%D8%A7%D9%84-%D8%A7%DB%8C-%D8%AF%DB%8C-%D8%B3%D8%A7%D9%85%D8%B3%D9%88%D9%86%DA%AF-%D9%85%D8%AF%D9%84-55NU8950-Ultra-HD-4K,Mozilla/5.0 (Android 7.1.1; Mobile; rv:64.0) Gecko/64.0 Firefox/64.0
96,2.177.12.120,22/Jan/2019:03:56:25 +0330,GET,/image/64272/productModel/150x150,200,3.68,https://www.zanbil.ir/m/product/33606/%D8%AA%D9%84%D9%88%DB%8C%D8%B2%DB%8C%D9%88%D9%86-%D8%A7%D9%84-%D8%A7%DB%8C-%D8%AF%DB%8C-%D8%B3%D8%A7%D9%85%D8%B3%D9%88%D9%86%DA%AF-%D9%85%D8%AF%D9%84-55NU8950-Ultra-HD-4K,Mozilla/5.0 (Android 7.1.1; Mobile; rv:64.0) Gecko/64.0 Firefox/64.0
97,2.177.12.121,22/Jan/2019:10:56:25 +0330,GET,/image/64272/productModel/150x150,200,3.68,https://www.zanbil.ir/m/product/33606/%D8%AA%D9%84%D9%88%DB%8C%D8%B2%DB%8C%D9%88%D9%86-%D8%A7%D9%84-%D8%A7%DB%8C-%D8%AF%DB%8C-%D8%B3%D8%A7%D9%85%D8%B3%D9%88%D9%86%DA%AF-%D9%85%D8%AF%D9%84-55NU8950-Ultra-HD-4K,Mozilla/5.0 (Android 7.1.1; Mobile; rv:64.0) Gecko/64.0 Firefox/64.0
98,2.177.12.122,22/Jan/2019:06:56:25 +0330,GET,/image/64272/productModel/150x150,200,3.68,https://www.zanbil.ir/m/product/33606/%D8%AA%D9%84%D9%88%DB%8C%D8%B2%DB%8C%D9%88%D9%86-%D8%A7%D9%84-%D8%A7%DB%8C-%D8%AF%DB%8C-%D8%B3%D8%A7%D9%85%D8%B3%D9%88%D9%86%DA%AF-%D9%85%D8%AF%D9%84-55NU8950-Ultra-HD-4K,Mozilla/5.0 (Android 7.1.1; Mobile; rv:64.0) Gecko/64.0 Firefox/64.0
99,2.177.12.122,22/Jan/2019:11:56:36 +0330,GET,/image/62423/productModel/150x150,200,4.8,https://www.zanbil.ir/m/product/33606/%D8%AA%D9%84%D9%88%DB%8C%D8%B2%DB%8C%D9%88%D9%86-%D8%A7%D9%84-%D8%A7%DB%8C-%D8%AF%DB%8C-%D8%B3%D8%A7%D9%85%D8%B3%D9%88%D9%86%DA%AF-%D9%85%D8%AF%D9%84-55NU8950-Ultra-HD-4K,Mozilla/5.0 (Android 7.1.1; Mobile; rv:64.0) Gecko/64.0 Firefox/64.0
